Workbook

Sheet CardValue
A1: ID | B1: CardName | C1: Card Type | D1: Rarity (0 = Common, 1 = Rare, 2 =VeryRare, 3 = Epic) | E1: None | F1: CardDescribe | G1: Card Effect
A2: =ROW()-2 -> 0 | B2: Bandage | C2: SupportItems | D2: 0 | E2: None | F2: heals player (15% - 25%) and stops bleeding | G2: Heal(percent=0.20); StopBleeding();
A3: =ROW()-2 -> 1 | B3: Syringe | C3: SupportItems | D3: 0 | E3: None | F3: increases critical damage by (13% - 20%) for the player for 2 turns | G3: IncreaseCritDamage(percent=0.17; turns=2);
A4: =ROW()-2 -> 2 | B4: Medkit | C4: SupportItems | D4: 0 | E4: None | F4: heals a large amount of health (40% - 60%) and stops bleeding | G4: Heal(percent=0.50); StopBleeding();
A5: =ROW()-2 -> 3 | B5: Revival Serum | C5: SupportItems | D5: 0 | E5: None | F5: Automatically revives the player if the player reaches 0 health (only once) (10% - 20%) | G5: Revive(percent=0.15);
A6: =ROW()-2 -> 4 | B6: Emergency Capsule | C6: SupportItems | D6: 0 | E6: None | F6: increases attack (20% - 25%) | G6: IncreaseAttack(percent=0.23);
A7: =ROW()-2 -> 5 | B7: Fury Catalyst | C7: SupportItems | D7: 0 | E7: None | F7: increases attack (20% - 25%) but also decreases defense and health (10% - 15%) | G7: IncreaseAttack(percent=0.23); IncreaseDefense(percent=-0.12); Heal(percent=-0.12);
A8: =ROW()-2 -> 6 | B8: Stamina Capsule | C8: SupportItems | D8: 0 | E8: None | F8: increases defense and attack (20% - 25%) | G8: IncreaseAttack(percent=0.23); IncreaseDefense(percent=0.23);
A9: =ROW()-2 -> 7 | B9: Reflex Tonic | C9: SupportItems | D9: 0 | E9: None | F9: increases player’s critical chance (15% - 25%) (allows the player to deal increased damage) | G9: IncreaseCritChance(percent=0.20);
A10: =ROW()-2 -> 8 | B10: Health Potion | C10: SupportItems | D10: 0 | E10: None | F10: restores 100% health | G10: Heal(percent=1.0);
A11: =ROW()-2 -> 9 | B11: Energy Potion | C11: SupportItems | D11: 0 | E11: None | F11: restores 1 energy | G11: RestoreEnergy(1);
A12: =ROW()-2 -> 10 | B12: Antidote Potion | C12: SupportItems | D12: 0 | E12: None | F12: cures poison (may not be implemented) | G12: CurePoison();
A13: =ROW()-2 -> 11 | B13: Field Surgery Kit | C13: SupportItems | D13: 0 | E13: None | F13: heals (Bandage % + Medkit % + (rarity of card)) and stops bleeding | G13: Heal(percent=0.70); StopBleeding();
... A38: =ROW()-2 -> 36 | B38: Soul Brew | C38: SupportItems | D38: 0 | E38: None | F38: increases critical chance by (Beer % + (rarity of card)) for 3 turns and revives player to (Revival Serum % + (rarity of card)) | G38: IncreaseCriticalChance(percent=0.17; turns = 3); Revive(percent = 0.3);
A39: =ROW()-2 -> 37 | B39: Kick | C39: SupportItems | D39: 0 | E39: None | F39: A sluggish but sudden kick that can push the player back. Deals 10 damage.
A40: =ROW()-2 -> 38 | B40: Grab | C40: SupportItems | D40: 0 | E40: None | F40: Lunges forward, grabs the player, deals 6 damage and stuns the player for 1 turn (player unable to act)
A41: =ROW()-2 -> 39 | B41: Claw | C41: SupportItems | D41: 0 | E41: None | F41: A quick swipe with its paws that deals 7 damage and inflicts bleed for 2 turns. (player suffers 3 damage from bleed each turn)
A42: =ROW()-2 -> 40 | B42: Pounce | C42: SupportItems | D42: 0 | E42: None | F42: Leaps forward to tackle the player, bites for 12 damage and inflicts knockdown for 1 turn (player unable to act)
A43: =ROW()-2 -> 41 | B43: Bite | C43: SupportItems | D43: 0 | E43: None | F43: Lunges and bites at the player, dealing 5 damage.
A44: =ROW()-2 -> 42 | B44: Scurry | C44: SupportItems | D44: 0 | E44: None | F44: Brielfy darts around to reposition, increases chance to evade attacks by 25% for 1 turn.
A45: =ROW()-2 -> 43 | B45: Leech Bite | C45: SupportItems | D45: 0 | E45: None | F45: Bites the player for 12 damage and heals 25% of that damage dealt.
A46: =ROW()-2 -> 44 | B46: Evade Lunge | C46: SupportItems | D46: 0 | E46: None | F46: Becomes alert and sidesteps. Evades 100% the next incoming hit.

Sheet CardFunction
A1: Function ID | B1: Card 1 ID | C1: Card 1 Name(Not involved in script) | D1: Card 2 ID | E1: Card 2 Name(Not involved in script) | F1: Fail Chance | G1: Result ID | H1: Result Card Name(Not involved in script)
A2: 0 | B2: 0 | C2: =VLOOKUP(B2, CardValue!A:B, 2, FALSE) -> Bandage | D2: 2 | E2: =VLOOKUP(D2, CardValue!A:B, 2, FALSE) -> Medkit | F2: 0.1 | G2: 11 | H2: =VLOOKUP(G2, CardValue!A:B, 2, FALSE) -> Field Surgery Kit
A3: 1 | B3: 0 | C3: =VLOOKUP(B3, CardValue!A:B, 2, FALSE) -> Bandage | D3: 1 | E3: =VLOOKUP(D3, CardValue!A:B, 2, FALSE) -> Syringe | F3: 0.1 | G3: 12 | H3: =VLOOKUP(G3, CardValue!A:B, 2, FALSE) -> Adrenal Medkit
A4: 2 | B4: 0 | C4: =VLOOKUP(B4, CardValue!A:B, 2, FALSE) -> Bandage | D4: 4 | E4: =VLOOKUP(D4, CardValue!A:B, 2, FALSE) -> Emergency Capsule | F4: 0.1 | G4: 13 | H4: =VLOOKUP(G4, CardValue!A:B, 2, FALSE) -> Combat Patch
A5: 3 | B5: 0 | C5: =VLOOKUP(B5, CardValue!A:B, 2, FALSE) -> Bandage | D5: 5 | E5: =VLOOKUP(D5, CardValue!A:B, 2, FALSE) -> Fury Catalyst | F5: 0.1 | G5: 14 | H5: =VLOOKUP(G5, CardValue!A:B, 2, FALSE) -> Berserker Wrap
A6: 4 | B6: 0 | C6: =VLOOKUP(B6, CardValue!A:B, 2, FALSE) -> Bandage | D6: 6 | E6: =VLOOKUP(D6, CardValue!A:B, 2, FALSE) -> Stamina Capsule | F6: 0.1 | G6: 15 | H6: =VLOOKUP(G6, CardValue!A:B, 2, FALSE) -> Stimulant Wrap
A7: 5 | B7: 0 | C7: =VLOOKUP(B7, CardValue!A:B, 2, FALSE) -> Bandage | D7: 7 | E7: =VLOOKUP(D7, CardValue!A:B, 2, FALSE) -> Reflex Tonic | F7: 0.1 | G7: 16 | H7: =VLOOKUP(G7, CardValue!A:B, 2, FALSE) -> Liquid Courage Kit
A8: 6 | B8: 1 | C8: =VLOOKUP(B8, CardValue!A:B, 2, FALSE) -> Syringe | D8: 2 | E8: =VLOOKUP(D8, CardValue!A:B, 2, FALSE) -> Medkit | F8: 0.1 | G8: 17 | H8: =VLOOKUP(G8, CardValue!A:B, 2, FALSE) -> Rapid Recovery Injector
A9: 7 | B9: 1 | C9: =VLOOKUP(B9, CardValue!A:B, 2, FALSE) -> Syringe | D9: 3 | E9: =VLOOKUP(D9, CardValue!A:B, 2, FALSE) -> Revival Serum | F9: 0.1 | G9: 18 | H9: =VLOOKUP(G9, CardValue!A:B, 2, FALSE) -> Phoenix Shot
A10: 8 | B10: 1 | C10: =VLOOKUP(B10, CardValue!A:B, 2, FALSE) -> Syringe | D10: 7 | E10: =VLOOKUP(D10, CardValue!A:B, 2, FALSE) -> Reflex Tonic | F10: 0.1 | G10: 19 | H10: =VLOOKUP(G10, CardValue!A:B, 2, FALSE) -> Enhanced Focus
A11: 9 | B11: 4 | C11: =VLOOKUP(B11, CardValue!A:B, 2, FALSE) -> Emergency Capsule | D11: 5 | E11: =VLOOKUP(D11, CardValue!A:B, 2, FALSE) -> Fury Catalyst | F11: 0.1 | G11: 20 | H11: =VLOOKUP(G11, CardValue!A:B, 2, FALSE) -> Overdrive Dose
A12: 10 | B12: 4 | C12: =VLOOKUP(B12, CardValue!A:B, 2, FALSE) -> Emergency Capsule | D12: 1 | E12: =VLOOKUP(D12, CardValue!A:B, 2, FALSE) -> Syringe | F12: 0.1 | G12: 21 | H12: =VLOOKUP(G12, CardValue!A:B, 2, FALSE) -> Combat Stimulant
A13: 11 | B13: 4 | C13: =VLOOKUP(B13, CardValue!A:B, 2, FALSE) -> Emergency Capsule | D13: 2 | E13: =VLOOKUP(D13, CardValue!A:B, 2, FALSE) -> Medkit | F13: 0.1 | G13: 22 | H13: =VLOOKUP(G13, CardValue!A:B, 2, FALSE) -> Balanced Formula
... A46: 44 | B46: 0 | C46: =VLOOKUP(B46, CardValue!A:B, 2, FALSE) -> Bandage | D46: 2 | E46: =VLOOKUP(D46, CardValue!A:B, 2, FALSE) -> Medkit | F46: 0.1 | G46: 11 | H46: =VLOOKUP(G46, CardValue!A:B, 2, FALSE) -> Field Surgery Kit
